image,k,runtime_sec,mse,psnr_db
image_test_01.jpg,16,9.344094000058249,0.0015175159787759185,28.18866727298719
